<?xml version="1.0" encoding="ISO-8859-1"?>

<project>

  <extend>${basedir}/../project-common.xml</extend> 

  <id>cornerstone-threads-impl</id>
  <name>Cornerstone Thread Manager Implementation</name>
  <package>org.apache.avalon.cornerstone.blocks.threads</package>

  <inceptionYear>2001</inceptionYear>
  <shortDescription>Cornerstone Threads</shortDescription>

  <dependencies>

    <!-- cornerstone api dependencies -->

    <dependency>
      <groupId>cornerstone-threads</groupId>
      <artifactId>cornerstone-threads-api</artifactId>
      <version>2.1</version>
    </dependency>

    <!-- avalon dependencies -->

    <dependency>
      <groupId>avalon-framework</groupId>
      <artifactId>avalon-framework-api</artifactId>
      <version>4.3</version>
    </dependency>
    <dependency>
      <groupId>avalon-framework</groupId>
      <artifactId>avalon-framework-impl</artifactId>
      <version>4.3</version>
    </dependency>
    <dependency>
      <groupId>excalibur-thread</groupId>
      <artifactId>excalibur-thread-api</artifactId>
      <version>2.1</version>
    </dependency>
    <dependency>
      <groupId>excalibur-thread</groupId>
      <artifactId>excalibur-thread-impl</artifactId>
      <version>2.1</version>
    </dependency>
    <dependency>
      <groupId>excalibur-pool</groupId>
      <artifactId>excalibur-pool-api</artifactId>
      <version>2.1</version>
    </dependency>
    <dependency>
      <groupId>excalibur-pool</groupId>
      <artifactId>excalibur-pool-impl</artifactId>
      <version>2.1</version>
    </dependency>
    <dependency>
      <groupId>commons-collections</groupId>
      <artifactId>commons-collections</artifactId>
      <version>3.1</version>
    </dependency>
    <dependency>
      <groupId>concurrent</groupId>
      <artifactId>concurrent</artifactId>
      <version>1.3.4</version>
    </dependency>

  </dependencies>
  
</project>
