<?xml version="1.0" encoding="ISO-8859-1"?>

<project>

  <extend>${basedir}/../project-common.xml</extend> 

  <id>cornerstone-sockets-impl</id>
  <name>Cornerstone Socket Manager Implementation</name>
  <package>org.apache.avalon.cornerstone.blocks.sockets</package>

  <inceptionYear>2001</inceptionYear>
  <shortDescription>Cornerstone Sockets</shortDescription>

  <dependencies>

    <!-- cornerstone dependencies -->

    <dependency>
      <groupId>cornerstone-sockets</groupId>
      <artifactId>cornerstone-sockets-api</artifactId>
      <version>2.1</version>
    </dependency>

    <!-- avalon dependencies -->

    <dependency>
      <groupId>avalon-framework</groupId>
      <artifactId>avalon-framework-api</artifactId>
      <version>4.3</version>
    </dependency>
    <dependency>
      <groupId>avalon-framework</groupId>
      <artifactId>avalon-framework-impl</artifactId>
      <version>4.3</version>
    </dependency>

    <!-- pre JDK 1.4 dependencies -->

    <dependency>
      <id>xml-apis</id>
      <version>2.0.2</version>
      <url>http://xml.apache.org/xerces2-j/</url>
    </dependency>

    <dependency>
      <id>xerces</id>
      <version>2.4.0</version>
      <url>http://xml.apache.org/xerces2-j/</url>
    </dependency>

  </dependencies>
  
</project>
