<?xml version="1.0"?>
<element
    name="root"
    xmlns="http://relaxng.org/ns/structure/1.0"
    datatypeLibrary="http://www.w3.org/2001/XMLSchema-datatypes"
    xmlns:a="http://jakarta.apache.org/phoenix/schema-annotations/1.0"
>
    <oneOrMore>
        <element name="thread-group">
            <interleave>
                <element name="name"><text/></element>
                <element name="priority"><data type="integer"/></element>
                <element name="is-daemon"><data type="boolean"/></element>
                <element name="min-threads"><data type="integer"/></element>
                <element name="max-threads"><data type="integer"/></element>
                <element name="min-spare-threads"><data type="integer"/></element>
            </interleave>
        </element>
    </oneOrMore>
</element>
