<?xml version="1.0" encoding="ISO-8859-1"?>

<project>

  <extend>${basedir}/../project-common.xml</extend> 

  <id>cornerstone-datasources-impl</id>
  <name>Cornerstone Datasource</name>

  <package>org.apache.avalon.cornerstone.blocks.datasources</package>

  <inceptionYear>2001</inceptionYear>
  <shortDescription>Cornerstone Datasource Selector Implementation</shortDescription>

  <dependencies>

    <!-- cornerstone dependencies -->

    <dependency>
      <groupId>cornerstone-datasources</groupId>
      <artifactId>cornerstone-datasources-api</artifactId>
      <version>2.1</version>
    </dependency>

    <!-- excalibur dependencies -->

    <dependency>
      <groupId>excalibur-pool</groupId>
      <artifactId>excalibur-pool-api</artifactId>
      <version>2.1</version>
    </dependency>
    <dependency>
      <groupId>excalibur-pool</groupId>
      <artifactId>excalibur-pool-impl</artifactId>
      <version>2.1</version>
    </dependency>
    <dependency>
      <groupId>excalibur-datasource</groupId>
      <artifactId>excalibur-datasource</artifactId>
      <version>2.1</version>
    </dependency>

    <!-- avalon dependencies -->

    <dependency>
      <groupId>avalon-framework</groupId>
      <artifactId>avalon-framework-api</artifactId>
      <version>4.3</version>
    </dependency>

    <!-- pre JDK 1.4 dependencies -->

    <dependency>
      <id>xml-apis</id>
      <version>2.0.2</version>
      <url>http://xml.apache.org/xerces2-j/</url>
    </dependency>

    <dependency>
      <id>xerces</id>
      <version>2.4.0</version>
      <url>http://xml.apache.org/xerces2-j/</url>
    </dependency>

  </dependencies>
  
</project>
