<?xml version="1.0" encoding="UTF-8"?>
<!-- 
 Copyright 2004 The Apache Software Foundation
 Licensed  under the  Apache License,  Version 2.0  (the "License");
 you may not use  this file  except in  compliance with the License.
 You may obtain a copy of the License at 
 
   http://www.apache.org/licenses/LICENSE-2.0
 
 Unless required by applicable law or agreed to in writing, software
 distributed  under the  License is distributed on an "AS IS" BASIS,
 WITHOUT  WARRANTIES OR CONDITIONS  OF ANY KIND, either  express  or
 implied.
  
 See the License for the specific language governing permissions and
 limitations under the License.
-->
<project>
    <extend>${basedir}/../project-common.xml</extend>
    
    <name>Avalon Framework API</name>
    <artifactId>avalon-framework-api</artifactId>
    <shortDescription>Avalon Framework API</shortDescription>
    <package>org.apache.avalon.framework</package>
    
    <dependencies>
        <dependency>
            <groupId>avalon-logkit</groupId>
            <artifactId>avalon-logkit</artifactId>
            <version>2.1</version>
        </dependency>
    </dependencies>
</project>
