<?xml version="1.0" encoding="UTF-8"?>
<!-- 
 Copyright 2004 The Apache Software Foundation
 Licensed  under the  Apache License,  Version 2.0  (the "License");
 you may not use  this file  except in  compliance with the License.
 You may obtain a copy of the License at 
 
   http://www.apache.org/licenses/LICENSE-2.0
 
 Unless required by applicable law or agreed to in writing, software
 distributed  under the  License is distributed on an "AS IS" BASIS,
 WITHOUT  WARRANTIES OR CONDITIONS  OF ANY KIND, either  express  or
 implied.
  
 See the License for the specific language governing permissions and
 limitations under the License.
-->
<project>
    <extend>${basedir}/../project-common.xml</extend>

    <name>Excalibur Logger</name>
    <id>excalibur-logger</id>
    <inceptionYear>1997</inceptionYear>
    <shortDescription>Container utility for implementing LogEnabled/Loggable support.</shortDescription>
    <description>
        Excalibur-Logger integrates neatly into Avalon-ECM
        and Excalibur Fortress. The main goal is to be able to
        define the log categories on a component basis by
        specifying a 'logger' attribute which denotes the log
        category to use for a particular component (given the
        component is LogEnabled or Loggable).
    </description>

    <dependencies>

        <dependency>
            <groupId>avalon-framework</groupId>
            <artifactId>avalon-framework-api</artifactId>
            <version>4.3</version>
        </dependency>
        <dependency>
            <groupId>avalon-framework</groupId>
            <artifactId>avalon-framework-impl</artifactId>
            <version>4.3</version>
        </dependency>
        
        <dependency>
            <groupId>avalon-logkit</groupId>
            <artifactId>avalon-logkit</artifactId>
            <version>2.1</version>
        </dependency>

        <dependency>
            <id>servletapi</id>
            <version>2.3</version>
        </dependency>
        
        <dependency>
            <id>log4j</id>
            <version>1.2.11</version>
            <properties>
                <build>true</build>
            </properties>
        </dependency>
        
      <dependency>
        <groupId>geronimo-spec</groupId>
        <artifactId>geronimo-spec-javamail</artifactId>
        <version>1.3.1-rc3</version>
        <properties note="Placeholder.  Systems using mail features should use an actual implementation.  Sun for example.">
            <build>true</build>
        </properties>
      </dependency>  
      
      <dependency>
        <groupId>geronimo-spec</groupId>
        <artifactId>geronimo-spec-jms</artifactId>
        <version>1.1-rc4</version>
        <properties note="Placeholder.  Systems using JMS features should use an actual implementation.  Sun for example.">
            <build>true</build>
        </properties>
      </dependency>
        
        <dependency>
            <id>xml-apis</id>
            <version>2.0.2</version>
        </dependency>
    </dependencies>
</project>
