<?xml version="1.0" encoding="ISO-8859-1"?>

<project>

  <extend>${basedir}/../project-common.xml</extend> 

  <id>cornerstone-threads-api</id>
  <name>Cornerstone Threads API</name>
  <package>org.apache.avalon.cornerstone.services.threads</package>
  <inceptionYear>2001</inceptionYear>
  <shortDescription>Cornerstone Threads API</shortDescription>

  <dependencies>

    <!-- excalibur dependencies -->

    <dependency>
      <groupId>excalibur-thread</groupId>
      <artifactId>excalibur-thread-api</artifactId>
      <version>2.1</version>
    </dependency>

  </dependencies>
  
</project>
